fork-infra	the fork's tasks, packaging, CI and sync
fork-config	ForkConfig and the config the fork's features read
fork-docs	the fork's specs, plans and feature pages
agent-resume	agents come back after a reboot
palette-tabs	the New Tab picker and Search Everywhere's tabs	agent-resume
background-tabs	⇧ opens a tab in the background	agent-resume,palette-tabs
sidebar-groups	group colours, headers, fill and fold
pane-nice	pane shells start at the configured nice
github-session	the GitHub panel's Session tab and This session filter	palette-tabs
github-review	the GitHub panel's pull request review box
github-merge	the GitHub panel's pull request merge buttons and auto-merge	github-review
hotkey-window	a global hotkey window
github-row-links	the GitHub panel's row links and pull request stacks	github-session
github-recent-branches	the GitHub panel keeps the last five branches	github-session
detached-replies	a pane no window shows still answers DA1
traffic-light-inset	the traffic lights sit as far in from the left as from the top
handoff-modes	a pane keeps its private modes across a daemon handoff
tab-usage	the sidebar shows each tab's pid, CPU and memory	sidebar-groups
